time [s];GER pos. energy aFRR [MWh];GER neg. energy aFRR [MWh];GER pos. aFRR costs [EUR];GER neg. aFRR costs [EUR];GER pos. energy mFRR [MWh];GER neg. energy mFRR [MWh];GER pos. mFRR costs [EUR];GER neg. mFRR costs [EUR];GER AEP [EUR/MWh];
840;0.5866952433383998;-131.12491472598458;24.622384686519332;1422.6137983987448;0.0;0.0;0.0;0.0;-11.086685484304928
1740;0.48937179498123773;-65.070731793915;19.37529601906381;-27.973006252852926;0.0;12.716829612453495;0.0;0.0;0.16577244929668378
2640;0.013957946310177294;-58.844818887342136;0.5276103705247014;-384.92125807899254;0.0;0.0;0.0;0.0;6.533877654684636