time [s];GER pos. energy aFRR [MWh];GER neg. energy aFRR [MWh];GER pos. aFRR costs [EUR];GER neg. aFRR costs [EUR];GER pos. energy mFRR [MWh];GER neg. energy mFRR [MWh];GER pos. mFRR costs [EUR];GER neg. mFRR costs [EUR];GER AEP [EUR/MWh];Solar AEP costs [EUR];Solar Marktprämie [EUR];Wind offshore AEP costs [EUR];Wind offshore Marktprämie [EUR];Wind onshore AEP costs [EUR];Wind onshore Marktprämie [EUR];Aluminium AEP costs [EUR];Steel AEP costs [EUR];Cement AEP costs [EUR];Paper AEP costs [EUR];Chlorine AEP costs [EUR];Gas AEP costs [EUR];
899;2.458404165369875;-53.887609501765404;119.69911289285933;-208.55921737541885;0.0;0.0;0.0;0.0;1.7278140679275638;7.059607581251107e-09;87.24137358105546;1.0366032801598358e-08;3057.4732586260902;-1.1563240423930266e-07;19469.514834295005;-0.0;-0.0;-0.0;-0.0;-0.0;-0.0
1799;10.525236847639821;-104.23385767991904;460.0994590838103;920.963575142705;0.0;0.0;0.0;0.0;-14.737843988744194;5.606208490232749e-09;4.230911187264583;4.2303353588764126e-08;2883.329877799439;1.0374557327956699e-06;23002.31089008111;0.0;0.0;-48.399763218443056;-24.320270653453626;-57.322130239087585;-57.322130239087585
2699;22.612116891848885;-97.897710861469;1206.5211092231361;-213.508987477231;0.0;0.0;0.0;0.0;-13.189935409775925;1.0318538937957008e-07;282.0660335314528;-9.649613332596788e-08;4340.268613156979;-1.7084202629372503e-06;17445.72032577317;0.0;0.0;-265.0062487275914;-116.52350089578985;-392.65178155949843;-416.62120168084044
3599;48.60713809936784;-35.775657667946206;2512.317506998687;-230.00428702747752;0.0;0.0;0.0;0.0;143.71777651770594;-6.443963978166088e-08;90.21925218935837;1.3366779510283248e-06;4529.189613066372;6.068507499972703e-06;8173.58309113833;-0.0;-0.0;-0.0;-0.0;-0.0;-0.0