time [s];GER FCR Power [MW];GER pos. energy aFRR [MWh];GER neg. energy aFRR [MWh];GER pos. aFRR costs [EUR];GER neg. aFRR costs [EUR];GER pos. energy mFRR [MWh];GER neg. energy mFRR [MWh];GER pos. mFRR costs [EUR];GER neg. mFRR costs [EUR];GER AEP [EUR/MWh];
899;-22.6435161460401;0.5089855737730349;-124.99253873697009;21.33934030043569;1164.604725315155;0.0;0.0;0.0;0.0;-9.526913680402634
1799;-164.60007114173436;3.008158014157595;-60.72540648200795;136.09442253758843;-175.38845536064156;0.0;0.0;0.0;0.0;0.6808022535055648
2699;-72.77082345681052;0.8230869821169288;-56.284974829170636;37.40901335019881;-221.6271169043663;0.0;0.0;0.0;0.0;3.3215260191319587
3599;-3.4902046348612714;0.22039187176642813;-32.86286201217844;8.529668744954968;-336.2509340135854;0.0;0.0;0.0;0.0;10.03972015165927