time [s];GER FCR Power [MW];GER pos. energy aFRR [MWh];GER neg. energy aFRR [MWh];GER pos. aFRR costs [EUR];GER neg. aFRR costs [EUR];GER pos. energy mFRR [MWh];GER neg. energy mFRR [MWh];GER pos. mFRR costs [EUR];GER neg. mFRR costs [EUR];GER AEP [EUR/MWh];
899;-7.844060862417734;0.0;-1.851239760893679;0.0;-18.512397608936794;0.0;0.0;0.0;0.0;10
1799;-5.399252305494429;0.0;-8.671624927032875;0.0;-86.7162492703287;0.0;0.0;0.0;0.0;9.999999999999995
2699;-3.7164328489751597;0.0;-13.760793891819203;0.0;-137.60793891819196;0.0;0.0;0.0;0.0;9.999999999999995
3599;-2.5581084823329547;0.0;-17.263789055697174;0.0;-172.63789055697117;0.0;0.0;0.0;0.0;9.999999999999966
4499;-1.760806470432641;0.0;-19.67498333968749;0.0;-196.7498333968749;0.0;0.0;0.0;0.0;10.0
5399;-1.2120046697461362;0.0;-21.334665298457452;0.0;-213.34665298457458;0.0;0.0;0.0;0.0;10
6299;-0.8342514320212047;0.0;-22.477063579075864;0.0;-224.77063579075818;0.0;0.0;0.0;0.0;9.999999999999979