time [s];GER FCR Power [MW];GER pos. energy aFRR [MWh];GER neg. energy aFRR [MWh];GER pos. aFRR costs [EUR];GER neg. aFRR costs [EUR];GER pos. energy mFRR [MWh];GER neg. energy mFRR [MWh];GER pos. mFRR costs [EUR];GER neg. mFRR costs [EUR];GER AEP [EUR/MWh];
840;-762939527422381.0;5.850089205972859;0.0;270.87574448988835;0.0;0.0;0.0;0.0;0.0;46.30284
1740;-2.3283066717211707e+25;12.346583672614159;0.0;571.6818883396656;0.0;0.0;0.0;0.0;0.0;46.30283999999999
2640;-7.105428075320963e+35;12.49780347132395;0.0;578.6837944841573;0.0;0.0;0.0;0.0;0.0;46.30283999999999