,6 no SB PAB,7 DEs,8 NLs,9 no SB BEPP15,10 BEPP15,11 no SB BEPP1,12 BEPP1
GER pos. aFRR costs [EUR],14.6844149,13.746533900000001,12.4678363,15.669370899999999,16.7594173,14.9902977,13.219165100000001
GER neg. aFRR costs [EUR],10.3567895,3.8609993,3.3622597,10.941446400000002,8.5733055,10.039382899999998,3.4187675
GER pos. mFRR costs [EUR],10.4578,2.3037832000000003,3.4967944,7.524865,3.6255530999999994,7.524865,3.6255530999999994
GER neg. mFRR costs [EUR],-4.430471600000001,0.0,0.0,-3.3445931,0.0,-3.3445931,0.0
